Update,Kode,Nama,Spesifikasi,Kategori,Kondisi,Keterangan
30/01/2020,PT25.221.02.FD.21a-01/46,Dudukan Baterai,1 baterai AA,1,baik,
30/01/2020,PT25.221.02.FD.21a-02/46,Dudukan Baterai,1 baterai AA,1,baik,
30/01/2020,PT25.221.02.FD.21a-03/46,Dudukan Baterai,2 baterai AA,1,baik,
30/01/2020,PT25.221.02.FD.21a-04/46,Dudukan Baterai,1 baterai AA,1,baik,
30/01/2020,PT25.221.02.FD.21a-05/46,Dudukan Baterai,1 baterai AA,1,baik,
30/01/2020,PT25.221.02.FD.21a-06/46,Dudukan Baterai,1 baterai AA,1,baik,
30/01/2020,PT25.221.02.FD.21a-07/46,Dudukan Baterai,1 baterai AA,1,baik,
30/01/2020,PT25.221.02.FD.21a-08/46,Dudukan Baterai,1 baterai AA,1,baik,
30/01/2020,PT25.221.02.FD.21a-09/46,Dudukan Baterai,1 baterai AA,1,baik,
30/01/2020,PT25.221.02.FD.21a-10/46,Dudukan Baterai,1 baterai AA,1,baik,
30/01/2020,PT25.221.02.FD.21a-11/46,Dudukan Baterai,1 baterai AA,1,baik,
30/01/2020,PT25.221.02.FD.21a-12/46,Dudukan Baterai,1 baterai AA,1,baik,
30/01/2020,PT25.221.02.FD.21a-13/46,Dudukan Baterai,1 baterai AA,1,baik,
30/01/2020,PT25.221.02.FD.21a-14/46,Dudukan Baterai,1 baterai AA,1,baik,
30/01/2020,PT25.221.02.FD.21a-15/46,Dudukan Baterai,1 baterai AA,1,baik,
30/01/2020,PT25.221.02.FD.21a-16/46,Dudukan Baterai,1 baterai AA,1,baik,
30/01/2020,PT25.221.02.FD.21a-17/46,Dudukan Baterai,1 baterai AA,1,baik,
30/01/2020,PT25.221.02.FD.21a-18/46,Dudukan Baterai,1 baterai AA,1,baik,
30/01/2020,PT25.221.02.FD.21a-19/46,Dudukan Baterai,1 baterai AA,1,baik,
30/01/2020,PT25.221.02.FD.21a-20/46,Dudukan Baterai,1 baterai AA,1,baik,
30/01/2020,PT25.221.02.FD.21a-21/46,Dudukan Baterai,1 baterai AA,1,baik,
30/01/2020,PT25.221.02.FD.21a-22/46,Dudukan Baterai,1 baterai AA,1,baik,
30/01/2020,PT25.221.02.FD.21a-23/46,Dudukan Baterai,1 baterai AA,1,baik,
30/01/2020,PT25.221.02.FD.21a-24/46,Dudukan Baterai,1 baterai AA,1,baik,
30/01/2020,PT25.221.02.FD.21a-25/46,Dudukan Baterai,1 baterai AA,1,baik,
30/01/2020,PT25.221.02.FD.21a-26/46,Dudukan Baterai,1 baterai AA,1,baik,
30/01/2020,PT25.221.02.FD.21a-27/46,Dudukan Baterai,1 baterai AA,1,baik,
30/01/2020,PT25.221.02.FD.21a-28/46,Dudukan Baterai,1 baterai AA,1,baik,
30/01/2020,PT25.221.02.FD.21a-29/46,Dudukan Baterai,1 baterai AA,1,baik,
30/01/2020,PT25.221.02.FD.21a-30/46,Dudukan Baterai,1 baterai AA,1,baik,
30/01/2020,PT25.221.02.FD.21a-31/46,Dudukan Baterai,1 baterai AA,1,baik,
30/01/2020,PT25.221.02.FD.21a-32/46,Dudukan Baterai,1 baterai AA,1,baik,
30/01/2020,PT25.221.02.FD.21a-33/46,Dudukan Baterai,1 baterai AA,1,baik,
30/01/2020,PT25.221.02.FD.21a-34/46,Dudukan Baterai,1 baterai AA,1,baik,
30/01/2020,PT25.221.02.FD.21a-35/46,Dudukan Baterai,1 baterai AA,1,baik,
30/01/2020,PT25.221.02.FD.21a-36/46,Dudukan Baterai,1 baterai AA,1,baik,
30/01/2020,PT25.221.02.FD.21a-37/46,Dudukan Baterai,1 baterai AA,1,baik,
30/01/2020,PT25.221.02.FD.21a-38/46,Dudukan Baterai,1 baterai AA,1,baik,
30/01/2020,PT25.221.02.FD.21a-39/46,Dudukan Baterai,1 baterai AA,1,baik,
30/01/2020,PT25.221.02.FD.21a-40/46,Dudukan Baterai,1 baterai AA,1,baik,
30/01/2020,PT25.221.02.FD.21a-41/46,Dudukan Baterai,1 baterai AA,1,baik,
30/01/2020,PT25.221.02.FD.21a-42/46,Dudukan Baterai,1 baterai AA,1,baik,
30/01/2020,PT25.221.02.FD.21a-43/46,Dudukan Baterai,1 baterai AA,1,baik,
30/01/2020,PT25.221.02.FD.21a-44/46,Dudukan Baterai,1 baterai AA,1,baik,
30/01/2020,PT25.221.02.FD.21a-45/46,Dudukan Baterai,1 baterai AA,1,baik,
30/01/2020,PT25.221.02.FD.21a-46/46,Dudukan Baterai,1 baterai AA,1,baik,
30/01/2020,PT25.221.02.FD.21b-1/4,Dudukan Baterai,4 baterai D,1,baik,
30/01/2020,PT25.221.02.FD.21b-2/4,Dudukan Baterai,4 baterai D,1,baik,
30/01/2020,PT25.221.02.FD.21b-3/4,Dudukan Baterai,4 baterai D,1,baik,
30/01/2020,PT25.221.02.FD.21b-4/4,Dudukan Baterai,4 baterai D,1,baik,
30/01/2020,PT25.221.02.FD.21c-1/24,Dudukan Baterai,1 baterai D,1,baik,
30/01/2020,PT25.221.02.FD.21c-2/24,Dudukan Baterai,1 baterai D,1,baik,
30/01/2020,PT25.221.02.FD.21c-3/24,Dudukan Baterai,1 baterai D,1,baik,
30/01/2020,PT25.221.02.FD.21c-4/24,Dudukan Baterai,1 baterai D,1,baik,
30/01/2020,PT25.221.02.FD.21c-5/24,Dudukan Baterai,1 baterai D,1,baik,
30/01/2020,PT25.221.02.FD.21c-6/24,Dudukan Baterai,1 baterai D,1,baik,
30/01/2020,PT25.221.02.FD.21c-7/24,Dudukan Baterai,1 baterai D,1,baik,
30/01/2020,PT25.221.02.FD.21c-8/24,Dudukan Baterai,1 baterai D,1,baik,
30/01/2020,PT25.221.02.FD.21c-9/24,Dudukan Baterai,1 baterai D,1,baik,
30/01/2020,PT25.221.02.FD.21c-10/24,Dudukan Baterai,1 baterai D,1,baik,
30/01/2020,PT25.221.02.FD.21c-11/24,Dudukan Baterai,1 baterai D,1,baik,
30/01/2020,PT25.221.02.FD.21c-12/24,Dudukan Baterai,1 baterai D,1,baik,
30/01/2020,PT25.221.02.FD.21c-13/24,Dudukan Baterai,1 baterai D,1,baik,
30/01/2020,PT25.221.02.FD.21c-14/24,Dudukan Baterai,1 baterai D,1,baik,
30/01/2020,PT25.221.02.FD.21c-15/24,Dudukan Baterai,1 baterai D,1,baik,
30/01/2020,PT25.221.02.FD.21c-16/24,Dudukan Baterai,1 baterai D,1,baik,
30/01/2020,PT25.221.02.FD.21c-17/24,Dudukan Baterai,1 baterai D,1,baik,
30/01/2020,PT25.221.02.FD.21c-18/24,Dudukan Baterai,1 baterai D,1,baik,
30/01/2020,PT25.221.02.FD.21c-19/24,Dudukan Baterai,1 baterai D,1,baik,
30/01/2020,PT25.221.02.FD.21c-20/24,Dudukan Baterai,1 baterai D,1,baik,
30/01/2020,PT25.221.02.FD.21c-21/24,Dudukan Baterai,1 baterai D,1,baik,
30/01/2020,PT25.221.02.FD.21c-22/24,Dudukan Baterai,1 baterai D,1,baik,
30/01/2020,PT25.221.02.FD.21c-23/24,Dudukan Baterai,1 baterai D,1,baik,
30/01/2020,PT25.221.02.FD.21c-24/24,Dudukan Baterai,1 baterai D,1,baik,
